"HLA","agnostic_AUC","specific_AUC","combined_AUC","knn_AUC","specific_training_size","knn_training_size","nTCR_agnostic","nTCR_specific","nTCR_knn","nTCR_both_agnostic_specific","nTCR_agnostic_not_specific","nTCR_specific_not_agnostic","prop_as_by_a","prop_as_by_s","nTCR_both_agnostic_knn","nTCR_agnostic_not_knn","nTCR_knn_not_agnostic","prop_ak_by_a","prop_ak_by_k","HLA_name","HLA_group","HLA_frequency","run_10splits","CMV_asso_pvalue"
"HLA-DPAB*02:01_04:01",0.849013024013024,0.422991071428571,0.844251119251119,0.903566704459562,41.5,278.166666666667,354.666666666667,1.33333333333333,464.833333333333,0,354.666666666667,1.33333333333333,0,0,112.833333333333,241.833333333333,352,0.321051315677119,0.244566505231543,"DPAB*02:01_04:01","DP",55,TRUE,0.885011847229313
"HLA-DQAB*05:05_06:04",0.5,0.5,0.5,0,2,23,280,0,35,0,280,0,0,NA,0,280,35,0,0,"DQAB*05:05_06:04","DQ",5,FALSE,0.405245812972341
"HLA-B*08:01",0.946969696969697,0.946969696969697,0.954545454545455,0.931818181818182,115,115,280,43,204,25,255,18,0.0892857142857143,0.581395348837209,31,249,173,0.110714285714286,0.151960784313725,"B*08:01","B",138,FALSE,0.285454844531983
"HLA-A*24:02",0.918181818181818,0.754545454545455,0.936363636363636,0.754545454545455,102,124,280,14,250,4,276,10,0.0142857142857143,0.285714285714286,13,267,237,0.0464285714285714,0.052,"A*24:02","A",123,FALSE,0.611693736027387
"HLA-A*24:03",NA,NA,NA,NA,3,105,280,0,147,0,280,0,0,NA,10,270,137,0.0357142857142857,0.0680272108843537,"A*24:03","A",3,FALSE,1
"HLA-B*38:02",NA,NA,NA,NA,5,29,280,0,45,0,280,0,0,NA,1,279,44,0.00357142857142857,0.0222222222222222,"B*38:02","B",6,FALSE,0.0940638632418664
"HLA-DPAB*02:01_04:02",NA,NA,NA,NA,12,146,280,0,228,0,280,0,0,NA,27,253,201,0.0964285714285714,0.118421052631579,"DPAB*02:01_04:02","DP",14,FALSE,0.103424877163972
"HLA-DRB1*10:01",NA,NA,NA,NA,7,7,280,0,0,0,280,0,0,NA,0,280,0,0,NA,"DRB1*10:01","DR",9,FALSE,0.501358591966547
"HLA-B*51:01",0.835202821869489,0.746278659611993,0.826622574955908,0.639109347442681,51.7777777777778,59,350.111111111111,5.77777777777778,167.222222222222,0.888888888888889,349.222222222222,4.88888888888889,0.00260335804892194,0.281313131313131,2.22222222222222,347.888888888889,165,0.00638250498997314,0.0134145084318754,"B*51:01","B",65,TRUE,0.509430315424989
"HLA-B*57:01",1,1,1,0.888888888888889,27,39,280,3,94,1,279,2,0.00357142857142857,0.333333333333333,3,277,91,0.0107142857142857,0.0319148936170213,"B*57:01","B",36,FALSE,1
"HLA-DRB1*01:03",NA,NA,NA,NA,9,82,280,0,217,0,280,0,0,NA,7,273,210,0.025,0.032258064516129,"DRB1*01:03","DR",12,FALSE,0.242164690426173
"HLA-DQAB*05:05_03:01",0.909090909090909,0.733766233766234,0.883116883116883,0.688311688311688,82,99,280,10,134,3,277,7,0.0107142857142857,0.3,12,268,122,0.0428571428571429,0.0895522388059701,"DQAB*05:05_03:01","DQ",107,FALSE,0.659076570194954
"HLA-DQAB*05:05_03:02",NA,NA,NA,NA,8,97,280,0,102,0,280,0,0,NA,10,270,92,0.0357142857142857,0.0980392156862745,"DQAB*05:05_03:02","DQ",11,FALSE,0.130800706746598
"HLA-DQAB*05:05_03:03",NA,NA,NA,NA,5,97,280,0,110,0,280,0,0,NA,11,269,99,0.0392857142857143,0.1,"DQAB*05:05_03:03","DQ",5,FALSE,1
"HLA-A*23:01",0.75,0.5,0.75,0.625,19,121,280,0,178,0,280,0,0,NA,13,267,165,0.0464285714285714,0.0730337078651685,"A*23:01","A",25,FALSE,1
"HLA-B*15:17",1,0.5,1,0.5,2,2,280,0,0,0,280,0,0,NA,0,280,0,0,NA,"B*15:17","B",4,FALSE,0.632366768817958
"HLA-B*50:01",NA,NA,NA,NA,10,22,280,0,64,0,280,0,0,NA,0,280,64,0,0,"B*50:01","B",11,FALSE,0.552050865449411
"HLA-DQAB*03:03_05:01",NA,NA,NA,NA,9,49,280,0,110,0,280,0,0,NA,3,277,107,0.0107142857142857,0.0272727272727273,"DQAB*03:03_05:01","DQ",9,FALSE,0.740605732184618
"HLA-B*07:05",NA,NA,NA,NA,4,123,280,0,250,0,280,0,0,NA,23,257,227,0.0821428571428571,0.092,"B*07:05","B",4,FALSE,0.329182820139433
"HLA-B*07:02",0.970833333333333,0.945833333333333,0.9625,0.991666666666667,119,123,280,60,292,21,259,39,0.075,0.35,24,256,268,0.0857142857142857,0.0821917808219178,"B*07:02","B",151,FALSE,0.0890063711653157
"HLA-A*68:01",1,0.9,1,0.8,29,38,280,1,85,1,279,0,0.00357142857142857,1,1,279,84,0.00357142857142857,0.0117647058823529,"A*68:01","A",36,FALSE,0.0560931284902221
"HLA-A*68:02",1,0.5,1,0,11,38,280,0,29,0,280,0,0,NA,0,280,29,0,0,"A*68:02","A",13,FALSE,0.023143477659513
"HLA-DPAB*01:03_11:01",NA,NA,NA,NA,14,72,280,0,93,0,280,0,0,NA,9,271,84,0.0321428571428571,0.0967741935483871,"DPAB*01:03_11:01","DP",17,FALSE,0.466731008305981
"HLA-DRB1*16:01",1,0.5,1,0.5,7,21,280,0,4,0,280,0,0,NA,0,280,4,0,0,"DRB1*16:01","DR",10,FALSE,1
"HLA-A*32:01",NA,NA,NA,NA,28,28,280,4,56,0,280,4,0,0,0,280,56,0,0,"A*32:01","A",37,FALSE,0.495409417878759
"HLA-DPAB*02:01_13:01",NA,NA,NA,NA,11,47,280,0,60,0,280,0,0,NA,3,277,57,0.0107142857142857,0.05,"DPAB*02:01_13:01","DP",12,FALSE,0.771644773706097
"HLA-DQAB*03:03_03:01",0.967195767195767,0.571340388007055,0.95978835978836,0.889594356261023,38.2222222222222,114.222222222222,365.222222222222,4,145.555555555556,1,364.222222222222,3,0.00286433954769609,0.352564102564103,17.8888888888889,347.333333333333,127.666666666667,0.0494171612858582,0.129216668511174,"DQAB*03:03_03:01","DQ",48,TRUE,1
"HLA-DQAB*03:03_03:02",NA,NA,NA,NA,5,122,280,0,171,0,280,0,0,NA,20,260,151,0.0714285714285714,0.116959064327485,"DQAB*03:03_03:02","DQ",5,FALSE,0.405245812972341
"HLA-DPAB*02:01_03:01",NA,NA,NA,NA,3,80,280,0,118,0,280,0,0,NA,11,269,107,0.0392857142857143,0.0932203389830508,"DPAB*02:01_03:01","DP",4,FALSE,1
"HLA-B*40:06",NA,NA,NA,NA,3,24,280,0,571,0,280,0,0,NA,1,279,570,0.00357142857142857,0.00175131348511384,"B*40:06","B",3,FALSE,0.588795422900084
"HLA-DQAB*02:01_03:01",0.833333333333333,0.875,0.833333333333333,0.583333333333333,21,89,280,1,377,1,279,0,0.00357142857142857,1,19,261,358,0.0678571428571429,0.0503978779840849,"DQAB*02:01_03:01","DQ",28,FALSE,1
"HLA-DQAB*03:03_06:02",1,0.5,1,1,7,60,280,0,85,0,280,0,0,NA,9,271,76,0.0321428571428571,0.105882352941176,"DQAB*03:03_06:02","DQ",9,FALSE,0.501358591966547
"HLA-DQAB*02:01_03:03",0.916666666666667,1,0.916666666666667,0.666666666666667,32,54,280,4,187,3,277,1,0.0107142857142857,0.75,11,269,176,0.0392857142857143,0.0588235294117647,"DQAB*02:01_03:03","DQ",39,FALSE,0.31166521639843
"HLA-DQAB*02:01_03:02",1,0.5,1,1,6,121,280,0,128,0,280,0,0,NA,22,258,106,0.0785714285714286,0.171875,"DQAB*02:01_03:02","DQ",8,FALSE,1
"HLA-B*44:02",0.76,0.54,0.76,0.4,75,110,280,8,206,4,276,4,0.0142857142857143,0.5,13,267,193,0.0464285714285714,0.0631067961165049,"B*44:02","B",90,FALSE,0.492209263525675
"HLA-B*13:02",0.75,0.75,0.75,0.666666666666667,19,19,280,1,53,1,279,0,0.00357142857142857,1,1,279,52,0.00357142857142857,0.0188679245283019,"B*13:02","B",26,FALSE,1
"HLA-DRB1*01:01",0.925925925925926,0.907407407407407,0.907407407407407,0.944444444444445,73,100,280,16,270,2,278,14,0.00714285714285714,0.125,16,264,254,0.0571428571428571,0.0592592592592593,"DRB1*01:01","DR",88,FALSE,0.0201098263700223
"HLA-DRB1*01:02",1,0.75,1,1,19,91,280,2,253,0,280,2,0,0,15,265,238,0.0535714285714286,0.0592885375494071,"DRB1*01:02","DR",24,FALSE,0.676796428451747
"HLA-DRB1*07:01",0.93048128342246,0.994652406417112,0.941176470588235,0.967914438502674,102,102,280,31,212,13,267,18,0.0464285714285714,0.419354838709677,19,261,193,0.0678571428571429,0.089622641509434,"DRB1*07:01","DR",141,FALSE,0.384362974389569
"HLA-DQAB*05:01_02:02",NA,NA,NA,NA,5,125,280,0,236,0,280,0,0,NA,35,245,201,0.125,0.148305084745763,"DQAB*05:01_02:02","DQ",6,FALSE,0.698441896190909
"HLA-DQAB*06:01_03:01",NA,NA,NA,NA,6,126,280,0,95,0,280,0,0,NA,13,267,82,0.0464285714285714,0.136842105263158,"DQAB*06:01_03:01","DQ",6,FALSE,0.00517524737701927
"HLA-B*18:01",0.850485908649174,0.678838678328474,0.875267249757046,0.609876093294461,41,41,357.714285714286,1.85714285714286,37.4285714285714,0,357.714285714286,1.85714285714286,0,0,0.285714285714286,357.428571428571,37.1428571428571,0.000929567501715543,0.00649350649350649,"B*18:01","B",52,TRUE,0.307900977605551
"HLA-B*35:02",NA,NA,NA,NA,14,92,280,0,118,0,280,0,0,NA,2,278,116,0.00714285714285714,0.0169491525423729,"B*35:02","B",14,FALSE,0.78798143192652
"HLA-DPAB*01:03_17:01",NA,NA,NA,NA,9,69,280,0,84,0,280,0,0,NA,10,270,74,0.0357142857142857,0.119047619047619,"DPAB*01:03_17:01","DP",11,FALSE,0.360493559295724
"HLA-DPAB*01:03_05:01",1,0.5,1,0.833333333333333,20,135,280,0,164,0,280,0,0,NA,11,269,153,0.0392857142857143,0.0670731707317073,"DPAB*01:03_05:01","DP",25,FALSE,0.222261634652239
"HLA-DPAB*02:01_01:01",1,0.4,1,0.8,27,52,280,1,22,0,280,1,0,0,0,280,22,0,0,"DPAB*02:01_01:01","DP",36,FALSE,0.861583902281904
"HLA-B*49:01",1,0.5,1,0.333333333333333,12,22,280,0,63,0,280,0,0,NA,0,280,63,0,0,"B*49:01","B",17,FALSE,0.810170682087928
"HLA-C*15:02",1,0.7,1,0.5,16,23,280,1,147,0,280,1,0,0,0,280,147,0,0,"C*15:02","C",23,FALSE,0.135517162198691
"HLA-B*38:01",1,1,1,0,25,29,280,4,51,0,280,4,0,0,1,279,50,0.00357142857142857,0.0196078431372549,"B*38:01","B",27,FALSE,0.11748537409173
"HLA-DQAB*01:01_05:03",1,0.5,1,0.666666666666667,4,113,280,0,280,0,280,0,0,NA,16,264,264,0.0571428571428571,0.0571428571428571,"DQAB*01:01_05:03","DQ",9,FALSE,1
"HLA-DQAB*01:01_05:01",0.922077922077922,0.961038961038961,0.961038961038961,0.87012987012987,87,104,280,41,375,3,277,38,0.0107142857142857,0.0731707317073171,25,255,350,0.0892857142857143,0.0666666666666667,"DQAB*01:01_05:01","DQ",105,FALSE,0.0265881596012237
"HLA-C*07:01",0.941176470588235,0.860294117647059,0.930147058823529,0.860294117647059,145,263,280,81,615,31,249,50,0.110714285714286,0.382716049382716,96,184,519,0.342857142857143,0.15609756097561,"C*07:01","C",178,FALSE,0.128200347583027
"HLA-DQAB*01:01_02:02",NA,NA,NA,NA,13,68,280,0,76,0,280,0,0,NA,7,273,69,0.025,0.0921052631578947,"DQAB*01:01_02:02","DQ",14,FALSE,0.413383371925572
"HLA-C*07:02",0.941666666666667,0.9625,0.9625,0.866666666666667,139,263,280,45,613,17,263,28,0.0607142857142857,0.377777777777778,92,188,521,0.328571428571429,0.150081566068515,"C*07:02","C",171,FALSE,0.467827757928661
"HLA-C*07:04",1,0.333333333333333,1,1,16,16,280,1,54,0,280,1,0,0,0,280,54,0,0,"C*07:04","C",20,FALSE,0.107356552408387
"HLA-C*08:02",0.949166666666667,0.870625,0.989583333333333,0.42375,33,176.5,367.25,4.5,341.75,0,367.25,4.5,0,0,31,336.25,310.75,0.085875396257019,0.0951205062704116,"C*08:02","C",42,TRUE,0.748764642264736
"HLA-C*08:03",NA,NA,NA,NA,2,175,280,0,241,0,280,0,0,NA,27,253,214,0.0964285714285714,0.112033195020747,"C*08:03","C",3,FALSE,1
"HLA-DPAB*02:02_01:01",NA,NA,NA,NA,12,59,280,0,41,0,280,0,0,NA,0,280,41,0,0,"DPAB*02:02_01:01","DP",13,FALSE,0.0878006905634777
"HLA-DQAB*05:01_03:01",1,0.5,1,0.75,19,99,280,0,134,0,280,0,0,NA,12,268,122,0.0428571428571429,0.0895522388059701,"DQAB*05:01_03:01","DQ",24,FALSE,0.678538934850836
"HLA-DQAB*01:02_02:01",1,0.5,1,0.333333333333333,25,68,280,0,77,0,280,0,0,NA,7,273,70,0.025,0.0909090909090909,"DQAB*01:02_02:01","DQ",30,FALSE,0.348181602108629
"HLA-DRB1*03:01",0.96,0.98,0.96,0.85,110,110,280,46,216,26,254,20,0.0928571428571429,0.565217391304348,32,248,184,0.114285714285714,0.148148148148148,"DRB1*03:01","DR",130,FALSE,0.257325752563358
"HLA-DQAB*01:01_03:01",NA,NA,NA,NA,16,71,280,0,83,0,280,0,0,NA,5,275,78,0.0178571428571429,0.0602409638554217,"DQAB*01:01_03:01","DQ",17,FALSE,0.626703612795553
"HLA-DQAB*01:01_03:02",NA,NA,NA,NA,10,87,280,0,112,0,280,0,0,NA,12,268,100,0.0428571428571429,0.107142857142857,"DQAB*01:01_03:02","DQ",11,FALSE,0.372596581135911
"HLA-DRB1*12:01",0.75,0.5,0.75,0.75,15,19,280,0,5,0,280,0,0,NA,0,280,5,0,0,"DRB1*12:01","DR",19,FALSE,0.491845411761041
"HLA-DQAB*04:01_04:02",NA,NA,NA,NA,22,22,280,0,49,0,280,0,0,NA,1,279,48,0.00357142857142857,0.0204081632653061,"DQAB*04:01_04:02","DQ",29,FALSE,6.1868748955476e-06
"HLA-C*01:02",1,0.826388888888889,1,0.583333333333333,32.6666666666667,32.6666666666667,377,6.33333333333333,134.666666666667,0,377,6.33333333333333,0,0,0.666666666666667,376.333333333333,134,0.00182434763174899,0.00500746567609891,"C*01:02","C",42,TRUE,0.14806944091773
"HLA-DQAB*01:04_02:01",NA,NA,NA,NA,5,68,280,0,76,0,280,0,0,NA,7,273,69,0.025,0.0921052631578947,"DQAB*01:04_02:01","DQ",5,FALSE,0.166512314123477
"HLA-DRB1*12:02",NA,NA,NA,NA,4,19,280,0,5,0,280,0,0,NA,0,280,5,0,0,"DRB1*12:02","DR",4,FALSE,0.0392433885666544
"HLA-C*04:01",0.855555555555556,0.4,0.855555555555556,0.566666666666667,103,175,280,27,266,2,278,25,0.00714285714285714,0.0740740740740741,35,245,231,0.125,0.131578947368421,"C*04:01","C",124,FALSE,0.363959292903308
"HLA-A*26:01",0.964739229024943,0.530952380952381,0.964739229024943,0.777891156462585,33.7142857142857,55.2857142857143,335.285714285714,0.571428571428571,100.428571428571,0,335.285714285714,0.571428571428571,0,0,3.14285714285714,332.142857142857,97.2857142857143,0.00945512961150495,0.0310909667181444,"A*26:01","A",43,TRUE,0.342056223235938
"HLA-DQAB*01:02_05:01",NA,NA,NA,NA,20,103,280,1,309,0,280,1,0,0,21,259,288,0.075,0.0679611650485437,"DQAB*01:02_05:01","DQ",23,FALSE,0.051869692274444
"HLA-DRB1*11:04",1,0.625,1,0.5,26,84,280,2,81,0,280,2,0,0,8,272,73,0.0285714285714286,0.0987654320987654,"DRB1*11:04","DR",30,FALSE,0.707473010204868
"HLA-DQAB*01:02_05:02",1,0.5,1,0,9,107,280,0,335,0,280,0,0,NA,19,261,316,0.0678571428571429,0.0567164179104478,"DQAB*01:02_05:02","DQ",13,FALSE,0.4045548382751
"HLA-DQAB*05:05_06:03",NA,NA,NA,NA,5,51,280,0,123,0,280,0,0,NA,7,273,116,0.025,0.0569105691056911,"DQAB*05:05_06:03","DQ",5,FALSE,0.405245812972341
"HLA-DQAB*05:05_06:02",1,0.5,1,1,14,54,280,0,97,0,280,0,0,NA,11,269,86,0.0392857142857143,0.11340206185567,"DQAB*05:05_06:02","DQ",16,FALSE,1
"HLA-DRB1*11:03",NA,NA,NA,NA,6,78,280,0,106,0,280,0,0,NA,7,273,99,0.025,0.0660377358490566,"DRB1*11:03","DR",6,FALSE,0.0940638632418664
"HLA-DRB1*11:02",NA,NA,NA,NA,1,111,280,0,172,0,280,0,0,NA,13,267,159,0.0464285714285714,0.0755813953488372,"DRB1*11:02","DR",3,FALSE,0.0884440548293258
"HLA-B*35:08",NA,NA,NA,NA,9,92,280,0,119,0,280,0,0,NA,2,278,117,0.00714285714285714,0.0168067226890756,"B*35:08","B",9,FALSE,0.737890014780147
"HLA-DRB1*08:02",NA,NA,NA,NA,7,33,280,0,1,0,280,0,0,NA,1,279,0,0.00357142857142857,1,"DRB1*08:02","DR",10,FALSE,0.00650323126073568
"HLA-DQAB*03:01_03:02",1,0.767857142857143,1,0.732142857142857,76,122,280,21,171,2,278,19,0.00714285714285714,0.0952380952380952,20,260,151,0.0714285714285714,0.116959064327485,"DQAB*03:01_03:02","DQ",91,FALSE,0.640271647427702
"HLA-DPAB*02:02_02:01",NA,NA,NA,NA,5,55,280,0,50,0,280,0,0,NA,1,279,49,0.00357142857142857,0.02,"DPAB*02:02_02:01","DP",6,FALSE,0.00701787806327024
"HLA-B*35:03",1,1,1,0,20,92,280,2,129,0,280,2,0,0,2,278,127,0.00714285714285714,0.0155038759689922,"B*35:03","B",22,FALSE,1
"HLA-DQAB*03:01_03:01",NA,NA,NA,NA,11,122,280,0,144,0,280,0,0,NA,18,262,126,0.0642857142857143,0.125,"DQAB*03:01_03:01","DQ",14,FALSE,0.169049158502972
"HLA-B*15:03",NA,NA,NA,NA,2,51,280,0,65,0,280,0,0,NA,3,277,62,0.0107142857142857,0.0461538461538462,"B*15:03","B",3,FALSE,0.0884440548293258
"HLA-B*15:01",0.93916703409759,0.598742283950617,0.919009038800706,0.573881172839506,48,51.6666666666667,356.444444444444,11,65.6666666666667,0.222222222222222,356.222222222222,10.7777777777778,0.000740748971284866,0.018881626724764,1.11111111111111,355.333333333333,64.5555555555556,0.00305426111912604,0.0163061415329832,"B*15:01","B",63,TRUE,0.79038222669536
"HLA-B*15:07",NA,NA,NA,NA,2,46,280,0,97,0,280,0,0,NA,5,275,92,0.0178571428571429,0.0515463917525773,"B*15:07","B",3,FALSE,1
"HLA-A*11:01",0.910085978835979,0.40338955026455,0.903736772486773,0.388477733686067,42.6666666666667,44.8888888888889,360.777777777778,0.777777777777778,86.8888888888889,0,360.777777777778,0.777777777777778,0,0,0.333333333333333,360.444444444444,86.5555555555556,0.000999261306821399,0.00719350679793718,"A*11:01","A",54,TRUE,0.886177849680113
"HLA-C*15:05",NA,NA,NA,NA,7,101,280,0,130,0,280,0,0,NA,14,266,116,0.05,0.107692307692308,"C*15:05","C",7,FALSE,0.251660224185833
"HLA-DRB1*13:01",0.965277777777778,0.953656462585034,0.968253968253968,0.843820861678005,41.1428571428571,109.714285714286,363.714285714286,8.85714285714286,193.857142857143,2.28571428571429,361.428571428571,6.57142857142857,0.006331449034731,0.263775510204082,13,350.714285714286,180.857142857143,0.0357554699154202,0.0680052724502995,"DRB1*13:01","DR",53,TRUE,0.769903558374691
"HLA-DRB1*13:05",0.5,0.5,0.5,1,4,121,280,0,196,0,280,0,0,NA,15,265,181,0.0535714285714286,0.076530612244898,"DRB1*13:05","DR",7,FALSE,0.705905935033619
"HLA-DRB1*11:01",0.931266233766234,0.63150974025974,0.931789321789322,0.721612554112554,54,121.8,358.8,7.9,188.7,0.9,357.9,7,0.00249855947152661,0.130622710622711,12.7,346.1,176,0.0354437855057323,0.0696697731307114,"DRB1*11:01","DR",68,TRUE,1
"HLA-A*30:01",0.5,0.5,0.5,0.5,15,15,280,0,61,0,280,0,0,NA,1,279,60,0.00357142857142857,0.0163934426229508,"A*30:01","A",19,FALSE,1
"HLA-DRB1*13:02",0.82874503968254,0.577831514550265,0.83499503968254,0.580638227513228,42.125,139.625,371.625,5.75,253.875,0,371.625,5.75,0,0,21.875,349.75,232,0.058839443451816,0.0879160890679662,"DRB1*13:02","DR",55,TRUE,0.120105190014861
"HLA-A*30:02",1,0.5,1,0.25,9,9,280,0,88,0,280,0,0,NA,0,280,88,0,0,"A*30:02","A",13,FALSE,1
"HLA-DRB1*08:04",NA,NA,NA,NA,4,55,280,0,14,0,280,0,0,NA,1,279,13,0.00357142857142857,0.0714285714285714,"DRB1*08:04","DR",4,FALSE,0.0392433885666544
"HLA-DQAB*01:03_02:01",NA,NA,NA,NA,10,71,280,0,79,0,280,0,0,NA,6,274,73,0.0214285714285714,0.0759493670886076,"DQAB*01:03_02:01","DQ",11,FALSE,0.768086736685655
"HLA-DRB1*14:54",NA,NA,NA,NA,12,25,280,0,68,0,280,0,0,NA,0,280,68,0,0,"DRB1*14:54","DR",14,FALSE,0.281899371759809
"HLA-DQAB*01:03_02:02",1,0.5,1,1,8,71,280,0,79,0,280,0,0,NA,6,274,73,0.0214285714285714,0.0759493670886076,"DQAB*01:03_02:02","DQ",11,FALSE,0.214962089752835
"HLA-A*03:02",NA,NA,NA,NA,2,159,280,0,146,0,280,0,0,NA,18,262,128,0.0642857142857143,0.123287671232877,"A*03:02","A",3,FALSE,0.589212819536014
"HLA-DPAB*02:02_04:02",NA,NA,NA,NA,4,55,280,0,50,0,280,0,0,NA,1,279,49,0.00357142857142857,0.02,"DPAB*02:02_04:02","DP",5,FALSE,0.06991261431589
"HLA-C*05:01",0.727272727272727,0.560606060606061,0.727272727272727,0.409090909090909,80,208,280,13,281,7,273,6,0.025,0.538461538461538,44,236,237,0.157142857142857,0.156583629893238,"C*05:01","C",97,FALSE,0.73907266547918
"HLA-DPAB*02:02_04:01",1,0.5,1,1,20,83,280,0,71,0,280,0,0,NA,2,278,69,0.00714285714285714,0.028169014084507,"DPAB*02:02_04:01","DP",23,FALSE,0.518847428048601
"HLA-DQAB*01:04_05:03",0.833333333333333,0.5,0.833333333333333,0.416666666666667,14,113,280,0,280,0,280,0,0,NA,16,264,264,0.0571428571428571,0.0571428571428571,"DQAB*01:04_05:03","DQ",21,FALSE,0.653868060275142
"HLA-DPAB*02:01_10:01",1,0.5,1,0.666666666666667,11,33,280,0,121,0,280,0,0,NA,0,280,121,0,0,"DPAB*02:01_10:01","DP",16,FALSE,1
"HLA-DQAB*05:05_02:02",1,0.5,1,1,8,125,280,0,236,0,280,0,0,NA,35,245,201,0.125,0.148305084745763,"DQAB*05:05_02:02","DQ",12,FALSE,0.768629859082176
"HLA-DQAB*05:05_02:01",1,0.5,1,1,12,125,280,0,236,0,280,0,0,NA,35,245,201,0.125,0.148305084745763,"DQAB*05:05_02:01","DQ",17,FALSE,0.210178068223592
"HLA-DQAB*02:01_02:02",0.910714285714286,0.925595238095238,0.928571428571428,0.779761904761905,68,97,280,14,115,8,272,6,0.0285714285714286,0.571428571428571,17,263,98,0.0607142857142857,0.147826086956522,"DQAB*02:01_02:02","DQ",94,FALSE,0.563080651459762
"HLA-B*14:01",1,0.5,1,0.5,8,33,280,0,112,0,280,0,0,NA,1,279,111,0.00357142857142857,0.00892857142857143,"B*14:01","B",11,FALSE,0.360857693090844
"HLA-B*14:02",1,0.5,1,0.625,25,33,280,1,112,0,280,1,0,0,1,279,111,0.00357142857142857,0.00892857142857143,"B*14:02","B",31,FALSE,0.268739612360379
"HLA-DQAB*02:01_02:01",1,0.5,1,1,11,97,280,0,115,0,280,0,0,NA,17,263,98,0.0607142857142857,0.147826086956522,"DQAB*02:01_02:01","DQ",14,FALSE,1
"HLA-DRB1*13:03",1,0.5,1,0,5,104,280,0,95,0,280,0,0,NA,7,273,88,0.025,0.0736842105263158,"DRB1*13:03","DR",7,FALSE,1
"HLA-DQAB*02:01_05:01",0.833333333333333,0.5,0.833333333333333,0.666666666666667,14,23,280,12,108,0,280,12,0,0,0,280,108,0,0,"DQAB*02:01_05:01","DQ",19,FALSE,0.478371910897945
"HLA-A*01:01",0.954545454545454,0.926573426573427,0.961538461538461,0.933566433566434,147,147,280,52,247,22,258,30,0.0785714285714286,0.423076923076923,37,243,210,0.132142857142857,0.149797570850202,"A*01:01","A",182,FALSE,0.0745953166075593
"HLA-DPAB*02:01_11:01",0.888888888888889,0.5,0.888888888888889,0,17,38,280,0,85,0,280,0,0,NA,2,278,83,0.00714285714285714,0.0235294117647059,"DPAB*02:01_11:01","DP",23,FALSE,1
"HLA-A*03:01",0.925925925925926,0.688888888888889,0.881481481481482,0.748148148148148,119,120,280,28,208,5,275,23,0.0178571428571429,0.178571428571429,12,268,196,0.0428571428571429,0.0576923076923077,"A*03:01","A",143,FALSE,0.386643456519155
"HLA-B*41:02",NA,NA,NA,NA,4,25,280,0,65,0,280,0,0,NA,0,280,65,0,0,"B*41:02","B",4,FALSE,1
"HLA-B*41:01",NA,NA,NA,NA,8,20,280,0,10,0,280,0,0,NA,0,280,10,0,0,"B*41:01","B",8,FALSE,0.737275968630034
"HLA-B*15:18",NA,NA,NA,NA,5,7,280,0,0,0,280,0,0,NA,0,280,0,0,NA,"B*15:18","B",6,FALSE,0.232569031049436
"HLA-B*53:01",NA,NA,NA,NA,3,56,280,0,83,0,280,0,0,NA,2,278,81,0.00714285714285714,0.0240963855421687,"B*53:01","B",5,FALSE,0.177990520770499
"HLA-DQAB*03:03_02:02",NA,NA,NA,NA,7,37,280,0,35,0,280,0,0,NA,3,277,32,0.0107142857142857,0.0857142857142857,"DQAB*03:03_02:02","DQ",9,FALSE,0.0387979477212093
"HLA-DQAB*03:03_02:01",NA,NA,NA,NA,7,37,280,0,35,0,280,0,0,NA,3,277,32,0.0107142857142857,0.0857142857142857,"DQAB*03:03_02:01","DQ",7,FALSE,0.0451554565478839
"HLA-C*17:01",NA,NA,NA,NA,13,13,280,1,81,0,280,1,0,0,0,280,81,0,0,"C*17:01","C",14,FALSE,0.788143174189163
"HLA-A*02:05",1,0.5,1,0.666666666666667,5,207,280,0,302,0,280,0,0,NA,47,233,255,0.167857142857143,0.155629139072848,"A*02:05","A",10,FALSE,0.758538359022265
"HLA-A*02:06",1,0.5,1,1,9,207,280,0,427,0,280,0,0,NA,53,227,374,0.189285714285714,0.124121779859485,"A*02:06","A",12,FALSE,0.38844443270156
"HLA-A*02:01",0.943548387096774,0.712701612903226,0.905241935483871,0.805443548387097,196,207,280,68,483,25,255,43,0.0892857142857143,0.367647058823529,55,225,428,0.196428571428571,0.113871635610766,"A*02:01","A",259,FALSE,0.804460059511307
"HLA-C*03:04",1,0.671875,0.989583333333333,0.739583333333333,67,115,280,5,233,2,278,3,0.00714285714285714,0.4,15,265,218,0.0535714285714286,0.0643776824034335,"C*03:04","C",87,FALSE,0.816543091060297
"HLA-B*45:01",NA,NA,NA,NA,5,13,280,0,58,0,280,0,0,NA,1,279,57,0.00357142857142857,0.0172413793103448,"B*45:01","B",6,FALSE,0.41509641973155
"HLA-DPAB*02:01_02:01",NA,NA,NA,NA,15,99,280,0,92,0,280,0,0,NA,9,271,83,0.0321428571428571,0.0978260869565217,"DPAB*02:01_02:01","DP",16,FALSE,0.442750441689336
"HLA-C*03:02",NA,NA,NA,NA,5,108,280,0,177,0,280,0,0,NA,12,268,165,0.0428571428571429,0.0677966101694915,"C*03:02","C",6,FALSE,0.0943195106500151
"HLA-A*34:01",NA,NA,NA,NA,3,6,280,0,0,0,280,0,0,NA,0,280,0,0,NA,"A*34:01","A",4,FALSE,0.329660720436882
"HLA-DPAB*01:03_03:01",0.9715625,0.424414682539683,0.9871875,0.478888888888889,39,69,350.75,3.75,77.75,0.25,350.5,3.5,0.000778028381700966,0.0416666666666667,5,345.75,72.75,0.0144796423027117,0.0608012486615361,"DPAB*01:03_03:01","DP",49,TRUE,0.360457086171355
"HLA-DRB1*15:01",1,1,1,1,103,118,280,54,306,18,262,36,0.0642857142857143,0.333333333333333,32,248,274,0.114285714285714,0.104575163398693,"DRB1*15:01","DR",128,FALSE,0.120202391931443
"HLA-C*06:02",0.858585858585858,0.818181818181818,0.858585858585858,0.878787878787879,70,116,280,13,105,2,278,11,0.00714285714285714,0.153846153846154,14,266,91,0.05,0.133333333333333,"C*06:02","C",90,FALSE,0.730833514318828
"HLA-DRB1*04:08",1,0.5,1,0,5,127,280,0,164,0,280,0,0,NA,17,263,147,0.0607142857142857,0.103658536585366,"DRB1*04:08","DR",7,FALSE,1
"HLA-A*66:01",NA,NA,NA,NA,3,37,280,0,91,0,280,0,0,NA,0,280,91,0,0,"A*66:01","A",3,FALSE,0.589212819536014
"HLA-DQAB*03:01_06:03",NA,NA,NA,NA,4,39,280,0,58,0,280,0,0,NA,2,278,56,0.00714285714285714,0.0344827586206897,"DQAB*03:01_06:03","DQ",5,FALSE,1
"HLA-DQAB*03:01_06:02",1,0.5,1,1,15,60,280,0,85,0,280,0,0,NA,9,271,76,0.0321428571428571,0.105882352941176,"DQAB*03:01_06:02","DQ",18,FALSE,1
"HLA-DQAB*03:01_06:04",NA,NA,NA,NA,4,14,280,0,83,0,280,0,0,NA,1,279,82,0.00357142857142857,0.0120481927710843,"DQAB*03:01_06:04","DQ",5,FALSE,0.653961200274817
"HLA-DPAB*01:03_01:01",0.934444444444444,0.63125,0.958888888888889,0.546944444444444,32.6,65.2,365.8,4,74.2,1,364.8,3,0.00258628528376395,0.18,1,364.8,73.2,0.00275322467319553,0.0120023767082591,"DPAB*01:03_01:01","DP",41,TRUE,0.620978561003655
"HLA-DQAB*01:02_06:03",NA,NA,NA,NA,11,143,280,0,313,0,280,0,0,NA,41,239,272,0.146428571428571,0.130990415335463,"DQAB*01:02_06:03","DQ",12,FALSE,0.768629859082176
"HLA-DQAB*04:01_05:01",NA,NA,NA,NA,4,35,280,0,65,0,280,0,0,NA,1,279,64,0.00357142857142857,0.0153846153846154,"DQAB*04:01_05:01","DQ",4,FALSE,1
"HLA-DPAB*01:03_13:01",NA,NA,NA,NA,7,43,280,0,45,0,280,0,0,NA,1,279,44,0.00357142857142857,0.0222222222222222,"DPAB*01:03_13:01","DP",8,FALSE,0.735719324386861
"HLA-DQAB*01:02_03:03",NA,NA,NA,NA,8,87,280,0,113,0,280,0,0,NA,11,269,102,0.0392857142857143,0.0973451327433628,"DQAB*01:02_03:03","DQ",9,FALSE,0.740605732184618
"HLA-DQAB*01:02_06:09",1,0.5,1,0.5,8,136,280,0,248,0,280,0,0,NA,29,251,219,0.103571428571429,0.116935483870968,"DQAB*01:02_06:09","DQ",13,FALSE,0.781516748347876
"HLA-DQAB*01:02_03:01",0.88,0.5,0.88,0.72,29,85,280,0,143,0,280,0,0,NA,12,268,131,0.0428571428571429,0.0839160839160839,"DQAB*01:02_03:01","DQ",39,FALSE,0.614033390807879
"HLA-A*33:03",NA,NA,NA,NA,9,42,280,0,21,0,280,0,0,NA,0,280,21,0,0,"A*33:03","A",10,FALSE,0.120267246938344
"HLA-B*55:01",1,0.5,1,0.8,10,13,280,0,43,0,280,0,0,NA,0,280,43,0,0,"B*55:01","B",16,FALSE,1
"HLA-B*39:01",1,0.5,1,1,11,14,280,0,32,0,280,0,0,NA,0,280,32,0,0,"B*39:01","B",14,FALSE,0.592810192536256
"HLA-B*27:05",0.666666666666667,0.666666666666667,0.733333333333333,0.533333333333333,31,31,280,2,20,0,280,2,0,0,0,280,20,0,0,"B*27:05","B",39,FALSE,0.6205437500192
"HLA-DQAB*05:01_03:03",NA,NA,NA,NA,8,97,280,0,110,0,280,0,0,NA,11,269,99,0.0392857142857143,0.1,"DQAB*05:01_03:03","DQ",10,FALSE,0.531502189762015
"HLA-B*39:06",NA,NA,NA,NA,3,14,280,0,31,0,280,0,0,NA,0,280,31,0,0,"B*39:06","B",4,FALSE,1
"HLA-DQAB*05:01_06:03",NA,NA,NA,NA,8,51,280,0,123,0,280,0,0,NA,7,273,116,0.025,0.0569105691056911,"DQAB*05:01_06:03","DQ",9,FALSE,0.740605732184618
"HLA-DQAB*05:01_06:02",NA,NA,NA,NA,20,54,280,0,97,0,280,0,0,NA,11,269,86,0.0392857142857143,0.11340206185567,"DQAB*05:01_06:02","DQ",22,FALSE,0.382373820790108
"HLA-DRB1*15:03",NA,NA,NA,NA,4,118,280,0,253,0,280,0,0,NA,28,252,225,0.1,0.110671936758893,"DRB1*15:03","DR",4,FALSE,0.329182820139433
"HLA-DRB1*15:02",NA,NA,NA,NA,12,125,280,0,225,0,280,0,0,NA,26,254,199,0.0928571428571429,0.115555555555556,"DRB1*15:02","DR",15,FALSE,0.113440081171612
"HLA-C*16:02",NA,NA,NA,NA,2,28,280,0,52,0,280,0,0,NA,1,279,51,0.00357142857142857,0.0192307692307692,"C*16:02","C",3,FALSE,1
"HLA-C*16:01",0.958333333333333,0.5,0.958333333333333,0.541666666666667,26,96,280,0,82,0,280,0,0,NA,5,275,77,0.0178571428571429,0.0609756097560976,"C*16:01","C",36,FALSE,0.604756917979398
"HLA-DQAB*05:01_06:04",NA,NA,NA,NA,4,23,280,0,35,0,280,0,0,NA,0,280,35,0,0,"DQAB*05:01_06:04","DQ",4,FALSE,0.643147487783405
"HLA-DRB1*04:07",NA,NA,NA,NA,9,105,280,0,107,0,280,0,0,NA,14,266,93,0.05,0.130841121495327,"DRB1*04:07","DR",11,FALSE,0.762086691538775
"HLA-DRB1*04:05",NA,NA,NA,NA,8,127,280,0,151,0,280,0,0,NA,17,263,134,0.0607142857142857,0.112582781456954,"DRB1*04:05","DR",10,FALSE,0.027567106092586
"HLA-DRB1*04:04",1,0,1,0.5,35,132,280,3,223,0,280,3,0,0,24,256,199,0.0857142857142857,0.10762331838565,"DRB1*04:04","DR",39,FALSE,0.318195191173201
"HLA-DRB1*04:03",NA,NA,NA,NA,9,128,280,0,136,0,280,0,0,NA,19,261,117,0.0678571428571429,0.139705882352941,"DRB1*04:03","DR",10,FALSE,0.119696631609043
"HLA-DRB1*04:02",NA,NA,NA,NA,15,100,280,0,165,0,280,0,0,NA,14,266,151,0.05,0.0848484848484849,"DRB1*04:02","DR",16,FALSE,0.00139748577880798
"HLA-DRB1*04:01",0.9,0.7875,0.9,0.725,76,127,280,24,164,8,272,16,0.0285714285714286,0.333333333333333,17,263,147,0.0607142857142857,0.103658536585366,"DRB1*04:01","DR",94,FALSE,1
"HLA-DQAB*03:01_02:01",1,0.5,1,0,14,37,280,0,35,0,280,0,0,NA,3,277,32,0.0107142857142857,0.0857142857142857,"DQAB*03:01_02:01","DQ",17,FALSE,0.454122592883598
"HLA-DQAB*03:01_02:02",1,0.5,1,1,4,37,280,0,35,0,280,0,0,NA,3,277,32,0.0107142857142857,0.0857142857142857,"DQAB*03:01_02:02","DQ",6,FALSE,1
"HLA-B*48:01",1,0.5,1,1,4,44,280,0,151,0,280,0,0,NA,3,277,148,0.0107142857142857,0.0198675496688742,"B*48:01","B",6,FALSE,0.41509641973155
"HLA-DPAB*01:03_02:01",0.955357142857143,0.6875,0.973214285714286,0.821428571428572,83,334,280,3,640,1,279,2,0.00357142857142857,0.333333333333333,139,141,501,0.496428571428571,0.2171875,"DPAB*01:03_02:01","DP",105,FALSE,0.0562826492332051
"HLA-DRB1*09:01",NA,NA,NA,NA,8,8,280,0,0,0,280,0,0,NA,0,280,0,0,NA,"DRB1*09:01","DR",9,FALSE,1
"HLA-DQAB*01:02_06:04",0.666666666666667,0.583333333333333,0.666666666666667,0.833333333333333,27,78,280,4,159,0,280,4,0,0,6,274,153,0.0214285714285714,0.0377358490566038,"DQAB*01:02_06:04","DQ",35,FALSE,0.0507709325684677
"HLA-B*37:01",0,0.5,0,0,15,15,280,0,78,0,280,0,0,NA,0,280,78,0,0,"B*37:01","B",17,FALSE,0.810170682087928
"HLA-DPAB*02:01_05:01",NA,NA,NA,NA,3,55,280,0,50,0,280,0,0,NA,0,280,50,0,0,"DPAB*02:01_05:01","DP",5,FALSE,1
"HLA-DRB1*16:02",NA,NA,NA,NA,2,21,280,0,4,0,280,0,0,NA,0,280,4,0,0,"DRB1*16:02","DR",5,FALSE,0.017376425783245
"HLA-DQAB*05:05_05:01",NA,NA,NA,NA,10,35,280,0,73,0,280,0,0,NA,1,279,72,0.00357142857142857,0.0136986301369863,"DQAB*05:05_05:01","DQ",11,FALSE,0.768086736685655
"HLA-DRB1*14:07",NA,NA,NA,NA,0,25,280,0,52,0,280,0,0,NA,0,280,52,0,0,"DRB1*14:07","DR",2,FALSE,0.198916926289003
"HLA-DRB1*14:04",NA,NA,NA,NA,3,25,280,0,67,0,280,0,0,NA,0,280,67,0,0,"DRB1*14:04","DR",4,FALSE,0.632366768817958
"HLA-DPAB*02:01_17:01",0.333333333333333,0.5,0.333333333333333,0.333333333333333,13,33,280,0,121,0,280,0,0,NA,0,280,121,0,0,"DPAB*02:01_17:01","DP",17,FALSE,0.619835991971215
"HLA-DRB1*14:02",1,0.5,1,1,0,66,280,0,71,0,280,0,0,NA,3,277,68,0.0107142857142857,0.0422535211267606,"DRB1*14:02","DR",2,FALSE,1
"HLA-DQAB*04:01_03:01",NA,NA,NA,NA,4,126,280,0,104,0,280,0,0,NA,13,267,91,0.0464285714285714,0.125,"DQAB*04:01_03:01","DQ",6,FALSE,0.00517524737701927
"HLA-A*25:01",0.833333333333333,0.666666666666667,0.833333333333333,0.833333333333333,19,51,280,2,130,0,280,2,0,0,1,279,129,0.00357142857142857,0.00769230769230769,"A*25:01","A",24,FALSE,0.143886632202108
"HLA-DRB1*14:01",1,0.5,1,0.666666666666667,10,25,280,0,68,0,280,0,0,NA,0,280,68,0,0,"DRB1*14:01","DR",15,FALSE,0.601518141350694
"HLA-A*29:02",0.944775132275132,0.800925925925926,0.944775132275132,0.719675925925926,34,37.5,345,1.83333333333333,42.1666666666667,1,344,0.833333333333333,0.00292959429266074,0.638888888888889,2,343,40.1666666666667,0.00592551595500769,0.054813151596234,"A*29:02","A",43,TRUE,0.634169567264585
"HLA-A*29:01",NA,NA,NA,NA,5,37,280,0,46,0,280,0,0,NA,1,279,45,0.00357142857142857,0.0217391304347826,"A*29:01","A",5,FALSE,0.660851561723345
"HLA-B*56:01",NA,NA,NA,NA,3,13,280,0,41,0,280,0,0,NA,0,280,41,0,0,"B*56:01","B",6,FALSE,0.232569031049436
"HLA-DPAB*01:03_04:02",1,0.76,1,0.72,90,334,280,28,730,4,276,24,0.0142857142857143,0.142857142857143,142,138,588,0.507142857142857,0.194520547945205,"DPAB*01:03_04:02","DP",105,FALSE,0.00338456820399671
"HLA-DPAB*01:03_04:01",0.91078431372549,0.86078431372549,0.919607843137255,0.855882352941177,258,334,280,141,808,58,222,83,0.207142857142857,0.411347517730496,146,134,662,0.521428571428571,0.180693069306931,"DPAB*01:03_04:01","DP",322,FALSE,0.339552517163828
"HLA-C*03:03",0.87822742733457,0.653766620284477,0.900632601525459,0.380868635332921,38.3333333333333,117.166666666667,358.5,5,233.833333333333,0,358.5,5,0,0,16.3333333333333,342.166666666667,217.5,0.0476013298860064,0.0800161247473793,"C*03:03","C",51,TRUE,0.463193469641807
"HLA-DQAB*01:02_02:02",1,0.5,1,0.583333333333333,15,68,280,0,77,0,280,0,0,NA,7,273,70,0.025,0.0909090909090909,"DQAB*01:02_02:02","DQ",25,FALSE,0.837859550473009
"HLA-A*31:01",0.8,0.5,0.8,0.1,25,42,280,0,23,0,280,0,0,NA,0,280,23,0,0,"A*31:01","A",32,FALSE,1
"HLA-DQAB*01:01_06:03",1,0.5,1,1,5,143,280,0,294,0,280,0,0,NA,40,240,254,0.142857142857143,0.136054421768707,"DQAB*01:01_06:03","DQ",7,FALSE,0.247583215126629
"HLA-DQAB*01:01_06:02",NA,NA,NA,NA,12,113,280,0,374,0,280,0,0,NA,31,249,343,0.110714285714286,0.0828877005347594,"DQAB*01:01_06:02","DQ",15,FALSE,0.292324603062826
"HLA-C*14:02",NA,NA,NA,NA,21,47,280,0,34,0,280,0,0,NA,1,279,33,0.00357142857142857,0.0294117647058824,"C*14:02","C",26,FALSE,0.687710855428924
"HLA-DQAB*05:01_05:01",1,0.5,1,1,12,35,280,0,73,0,280,0,0,NA,1,279,72,0.00357142857142857,0.0136986301369863,"DQAB*05:01_05:01","DQ",14,FALSE,0.102245984677364
"HLA-B*52:01",1,0.5,1,0,7,55,280,0,160,0,280,0,0,NA,2,278,158,0.00714285714285714,0.0125,"B*52:01","B",9,FALSE,0.737890014780147
"HLA-DQAB*01:03_03:01",NA,NA,NA,NA,8,85,280,0,138,0,280,0,0,NA,12,268,126,0.0428571428571429,0.0869565217391304,"DQAB*01:03_03:01","DQ",8,FALSE,1
"HLA-DRB1*08:03",NA,NA,NA,NA,3,35,280,0,8,0,280,0,0,NA,1,279,7,0.00357142857142857,0.125,"DRB1*08:03","DR",3,FALSE,0.0884440548293258
"HLA-B*40:01",0.914930555555556,0.478298611111111,0.913055555555556,0.531507936507936,39.125,59.375,369.75,1,586,0.125,369.625,0.875,0.000310945273631841,0.166666666666667,3.625,366.125,582.375,0.0100411817446869,0.00651599812815755,"B*40:01","B",51,TRUE,0.105555471660979
"HLA-DRB1*08:01",NA,NA,NA,NA,17,35,280,0,8,0,280,0,0,NA,1,279,7,0.00357142857142857,0.125,"DRB1*08:01","DR",23,FALSE,0.00107268797916087
"HLA-DQAB*01:02_03:02",1,0.333333333333333,1,1,24,87,280,3,114,1,279,2,0.00357142857142857,0.333333333333333,12,268,102,0.0428571428571429,0.105263157894737,"DQAB*01:02_03:02","DQ",28,FALSE,0.845488047051822
"HLA-C*12:03",0.876426767676768,0.451980519480519,0.860196608946609,0.613943001443001,49.8,140.3,358.8,8.5,132.8,0.2,358.6,8.3,0.000532784319726235,0.025,21.1,337.7,111.7,0.0600851596603994,0.159244516435887,"C*12:03","C",63,TRUE,0.594413427285511
"HLA-DQAB*02:01_06:09",1,0.5,1,0.5,1,1,280,0,0,0,280,0,0,NA,0,280,0,0,NA,"DQAB*02:01_06:09","DQ",4,FALSE,1
"HLA-DQAB*02:01_06:02",1,0.833333333333333,1,0.888888888888889,17,46,280,2,20,2,278,0,0.00714285714285714,1,6,274,14,0.0214285714285714,0.3,"DQAB*02:01_06:02","DQ",23,FALSE,1
"HLA-DQAB*02:01_06:03",1,0.5,1,0.5,7,28,280,0,25,0,280,0,0,NA,3,277,22,0.0107142857142857,0.12,"DQAB*02:01_06:03","DQ",10,FALSE,0.333408347715566
"HLA-B*40:02",1,0.5,1,0.5,14,61,280,0,510,0,280,0,0,NA,2,278,508,0.00714285714285714,0.00392156862745098,"B*40:02","B",19,FALSE,0.25099024148761
"HLA-C*08:01",NA,NA,NA,NA,6,175,280,0,241,0,280,0,0,NA,27,253,214,0.0964285714285714,0.112033195020747,"C*08:01","C",9,FALSE,0.0128664392053791
"HLA-DQAB*01:03_06:01",NA,NA,NA,NA,5,5,280,0,0,0,280,0,0,NA,0,280,0,0,NA,"DQAB*01:03_06:01","DQ",6,FALSE,0.698441896190909
"HLA-DQAB*01:03_06:02",1,0.5,1,1,8,143,280,0,335,0,280,0,0,NA,41,239,294,0.146428571428571,0.122388059701493,"DQAB*01:03_06:02","DQ",10,FALSE,0.531502189762015
"HLA-A*33:01",1,0.5,1,0.5,8,42,280,0,19,0,280,0,0,NA,0,280,19,0,0,"A*33:01","A",11,FALSE,0.552566717624479
"HLA-C*02:02",0.888888888888889,0.638888888888889,0.833333333333333,0.416666666666667,26,26,280,1,20,0,280,1,0,0,0,280,20,0,0,"C*02:02","C",38,FALSE,0.505685780780261
"HLA-DPAB*01:03_10:01",NA,NA,NA,NA,9,67,280,0,78,0,280,0,0,NA,8,272,70,0.0285714285714286,0.102564102564103,"DPAB*01:03_10:01","DP",11,FALSE,0.761973992264689
"HLA-DQAB*01:02_04:02",NA,NA,NA,NA,5,5,280,0,0,0,280,0,0,NA,0,280,0,0,NA,"DQAB*01:02_04:02","DQ",5,FALSE,0.653961200274817
"HLA-B*35:01",0.875452380952381,0.470619047619048,0.868666666666667,0.629690476190476,49.9,85.6,358.8,4.3,87,0,358.8,4.3,0,0,2.9,355.9,84.1,0.00789543979264806,0.0357697971920143,"B*35:01","B",62,TRUE,1
"HLA-B*58:01",NA,NA,NA,NA,12,39,280,0,90,0,280,0,0,NA,2,278,88,0.00714285714285714,0.0222222222222222,"B*58:01","B",13,FALSE,0.264215936597933
"HLA-B*44:03",0.960780423280423,0.669345238095238,0.95896164021164,0.694229497354497,43.4444444444444,112.444444444444,363.777777777778,2.55555555555556,159.888888888889,0.888888888888889,362.888888888889,1.66666666666667,0.00252935609005579,0.37037037037037,11.6666666666667,352.111111111111,148.222222222222,0.032540914877173,0.0745217802593545,"B*44:03","B",55,TRUE,0.393657071227861
"HLA-DPAB*02:02_05:01",1,0.5,1,0.5,20,33,280,0,55,0,280,0,0,NA,0,280,55,0,0,"DPAB*02:02_05:01","DP",25,FALSE,0.0600631450432848
"HLA-DQAB*05:01_02:01",0.96,0.98,0.96,0.88,110,125,280,46,236,26,254,20,0.0928571428571429,0.565217391304348,35,245,201,0.125,0.148305084745763,"DQAB*05:01_02:01","DQ",130,FALSE,0.257325752563358
"HLA-DQAB*03:02_03:03",NA,NA,NA,NA,8,122,280,0,158,0,280,0,0,NA,18,262,140,0.0642857142857143,0.113924050632911,"DQAB*03:02_03:03","DQ",9,FALSE,1
"HLA-DQAB*01:05_05:01",NA,NA,NA,NA,7,104,280,0,375,0,280,0,0,NA,25,255,350,0.0892857142857143,0.0666666666666667,"DQAB*01:05_05:01","DQ",9,FALSE,0.501358591966547
"HLA-DQAB*01:03_06:03",0.965277777777778,0.953656462585034,0.968253968253968,0.880810657596372,41.1428571428571,140.571428571429,363.714285714286,8.85714285714286,341,2.28571428571429,361.428571428571,6.57142857142857,0.006331449034731,0.263775510204082,44.2857142857143,319.428571428571,296.714285714286,0.122070650783638,0.131506052528203,"DQAB*01:03_06:03","DQ",53,TRUE,0.769903558374691
"HLA-DQAB*01:02_06:02",1,1,1,0.992063492063492,103,113,280,54,405,18,262,36,0.0642857142857143,0.333333333333333,32,248,373,0.114285714285714,0.0790123456790123,"DQAB*01:02_06:02","DQ",128,FALSE,0.120202391931443
